[
    {
     "id": "1",
     "patientId": "pi121601",
     "firstName": "Balaji",
     "lastName": "Sadasivam",
     "dob": "2002-06-09",
     "gender": "Male",
     "zipCode": "500081",
     "aadhaar": "9495 9493 0906",
     "setvalue": "1000",
     "providers": [
      {
       "provider_id": "20UAI001",
       "provider_name": "Dr.Aabith",
       "provider_zipcode": "500081",
       "provider_speciality": "General Physician",
       "contact_no": "5247896213"
      },
      {
       "provider_id": "20UAI002",
       "provider_name": "Dr.Sakthi",
       "provider_zipcode": "500081",
       "provider_speciality": "Cardiologist",
       "contact_no": "5471236985"
      },
      {
       "provider_id": "20UAI003",
       "provider_name": "Dr.Gayathri",
       "provider_zipcode": "500081",
       "provider_speciality": "Pediatrician",
       "contact_no": "65478214"
      },
      {
       "provider_id": "20UAI004",
       "provider_name": "Dr.Thrisha",
       "provider_zipcode": "500081",
       "provider_speciality": "Orthopedician",
       "contact_no": "0254789652"
      },
      {
       "provider_id": "20UAI005",
       "provider_name": "Dr.Swetha",
       "provider_zipcode": "500081",
       "provider_speciality": "Dentist",
       "contact_no": "9443618120"
      }
     ]
    },
    {
     "id": "2",
     "patientId": "pi121602",
     "firstName": "Adithyan",
     "lastName": "Annadhurai",
     "dob": "2002-01-30",
     "gender": "Male",
     "zipCode": "500015",
     "aadhaar": "9495 9493 3001",
     "setvalue": "",
     "providers": [
      {
       "provider_id": "20UAI006",
       "provider_name": "Dr.Vaithiyanathan",
       "provider_zipcode": "500015",
       "provider_speciality": "General Physician",
       "contact_no": "258741369"
      },
      {
       "provider_id": "20UAI007",
       "provider_name": "Dr.Aiswarya",
       "provider_zipcode": "500015",
       "provider_speciality": "Cardiologist",
       "contact_no": "123652478"
      },
      {
       "provider_id": "20UAI008",
       "provider_name": "Dr.Archanna Devi",
       "provider_zipcode": "500015",
       "provider_speciality": "Pediatrician",
       "contact_no": "5632478521"
      },
      {
       "provider_id": "20UAI009",
       "provider_name": "Dr.Vignesh",
       "provider_zipcode": "500015",
       "provider_speciality": "Orthopedician",
       "contact_no": "458796231"
      },
      {
       "provider_id": "20UAI010",
       "provider_name": "Dr.Yuvasri",
       "provider_zipcode": "500015",
       "provider_speciality": "Dentist",
       "contact_no": "987452103"
      }
     ]
    },
    {
     "id": "3",
     "patientId": "pi121603",
     "firstName": "Rahul",
     "lastName": "Gandhi",
     "dob": "2002-10-04",
     "gender": "Male",
     "zipCode": "501301",
     "aadhaar": "9495 9493 0410",
     "setvalue": "",
     "providers": [
      {
       "provider_id": "20UAI011",
       "provider_name": "Dr.Rishitha",
       "provider_zipcode": "501301",
       "provider_speciality": "General Physician",
       "contact_no": "9685741235"
      },
      {
       "provider_id": "20UAI012",
       "provider_name": "Dr.Aravindh",
       "provider_zipcode": "501301",
       "provider_speciality": "Cardiologist",
       "contact_no": "204587963"
      },
      {
       "provider_id": "20UAI013",
       "provider_name": "Dr.Ghayathri",
       "provider_zipcode": "501301",
       "provider_speciality": "Pediatrician",
       "contact_no": "6547821456"
      },
      {
       "provider_id": "20UAI014",
       "provider_name": "Dr.Sneha",
       "provider_zipcode": "501301",
       "provider_speciality": "Orthopedician",
       "contact_no": "523654789"
      },
      {
       "provider_id": "20UAI015",
       "provider_name": "Dr.Dharnika",
       "provider_zipcode": "501301",
       "provider_speciality": "Dentist",
       "contact_no": "852147896"
      }
     ]
    },
    {
     "id": "4",
     "patientId": "pi121604",
     "firstName": "Nivetha",
     "lastName": "Venkatesan",
     "dob": "2002-06-12",
     "gender": "Female",
     "zipCode": "500024",
     "aadhaar": "9495 9493 1206",
     "setvalue": "",
     "providers": [
      {
       "provider_id": "20UAI016",
       "provider_name": "Dr.Santhanam Gopal",
       "provider_zipcode": "500024",
       "provider_speciality": "General Physician",
       "contact_no": "789123456"
      },
      {
       "provider_id": "20UAI017",
       "provider_name": "Dr.Madhan",
       "provider_zipcode": "500024",
       "provider_speciality": "Cardiologist",
       "contact_no": "753159852"
      },
      {
       "provider_id": "20UAI018",
       "provider_name": "Dr.Gokulnath",
       "provider_zipcode": "500024",
       "provider_speciality": "Pediatrician",
       "contact_no": "7531594856"
      },
      {
       "provider_id": "20UAI019",
       "provider_name": "Dr.Ganapathy",
       "provider_zipcode": "500024",
       "provider_speciality": "Orthopedician",
       "contact_no": "785412963"
      },
      {
       "provider_id": "20UAI020",
       "provider_name": "Dr.Lalith Kanth",
       "provider_zipcode": "500024",
       "provider_speciality": "Dentist",
       "contact_no": "5210369"
      }
     ]
    },
    {
     "id": "5",
     "patientId": "pi121605",
     "firstName": "Vasan",
     "lastName": "Cannen",
     "dob": "2002-03-10",
     "gender": "Male",
     "zipCode": "500052",
     "aadhaar": "9495 9493 1003",
     "setvalue": "",
     "providers": [
      {
       "provider_id": "20UAI021",
       "provider_name": "Dr.Harish",
       "provider_zipcode": "500052",
       "provider_speciality": "General Physician",
       "contact_no": "785412369"
      },
      {
       "provider_id": "20UAI022",
       "provider_name": "Dr.Yuvaprakash",
       "provider_zipcode": "500052",
       "provider_speciality": "Cardiologist",
       "contact_no": "231457896"
      },
      {
       "provider_id": "20UAI023",
       "provider_name": "Dr.Mohita",
       "provider_zipcode": "500052",
       "provider_speciality": "Pediatrician",
       "contact_no": "635210236"
      },
      {
       "provider_id": "20UAI024",
       "provider_name": "Dr.Sanjay",
       "provider_zipcode": "500052",
       "provider_speciality": "Orthopedician",
       "contact_no": "4587123690"
      },
      {
       "provider_id": "20UAI025",
       "provider_name": "Dr.Boomika",
       "provider_zipcode": "500052",
       "provider_speciality": "Dentist",
       "contact_no": "7894123650"
      }
     ]
    },
    {
     "id": "6",
     "patientId": "pi121605",
     "firstName": "Ragul",
     "lastName": "Nolan",
     "dob": "2003-01-24",
     "gender": "Male",
     "zipCode": "500015",
     "aadhaar": "9495 9493 2401",
     "setvalue": "",
     "providers": [
      {
       "provider_id": "20UAI006",
       "provider_name": "Dr.Vaithiyanathan",
       "provider_zipcode": "500015",
       "provider_speciality": "General Physician",
       "contact_no": "258741369"
      },
      {
       "provider_id": "20UAI007",
       "provider_name": "Dr.Aiswarya",
       "provider_zipcode": "500015",
       "provider_speciality": "Cardiologist",
       "contact_no": "123652478"
      },
      {
       "provider_id": "20UAI008",
       "provider_name": "Dr.Archanna Devi",
       "provider_zipcode": "500015",
       "provider_speciality": "Pediatrician",
       "contact_no": "5632478521"
      },
      {
       "provider_id": "20UAI009",
       "provider_name": "Dr.Vignesh",
       "provider_zipcode": "500015",
       "provider_speciality": "Orthopedician",
       "contact_no": "458796231"
      },
      {
       "provider_id": "20UAI010",
       "provider_name": "Dr.Yuvasri",
       "provider_zipcode": "500015",
       "provider_speciality": "Dentist",
       "contact_no": "987452103"
      }
     ]
    },
    {
     "id": "7",
     "patientId": "pi121606",
     "firstName": "Gokul",
     "lastName": "Prasath",
     "dob": "2002-07-10",
     "gender": "Male",
     "zipCode": "500052",
     "aadhaar": "9495 9493 1007",
     "setvalue": "",
     "providers": [
      {
       "provider_id": "20UAI021",
       "provider_name": "Dr.Harish",
       "provider_zipcode": "500052",
       "provider_speciality": "General Physician",
       "contact_no": "785412369"
      },
      {
       "provider_id": "20UAI022",
       "provider_name": "Dr.Yuvaprakash",
       "provider_zipcode": "500052",
       "provider_speciality": "Cardiologist",
       "contact_no": "231457896"
      },
      {
       "provider_id": "20UAI023",
       "provider_name": "Dr.Mohita",
       "provider_zipcode": "500052",
       "provider_speciality": "Pediatrician",
       "contact_no": "635210236"
      },
      {
       "provider_id": "20UAI024",
       "provider_name": "Dr.Sanjay",
       "provider_zipcode": "500052",
       "provider_speciality": "Orthopedician",
       "contact_no": "4587123690"
      },
      {
       "id": "8",
       "provider_id": "20UAI025",
       "provider_name": "Dr.Boomika",
       "provider_zipcode": "500052",
       "provider_speciality": "Dentist",
       "contact_no": "7894123650"
      }
     ]
    },
    {
     "id": "9",
     "patientId": "pi121607",
     "firstName": "Hari",
     "lastName": "Gupta",
     "dob": "2002-12-21",
     "gender": "Male",
     "zipCode": "500024",
     "aadhaar": "9495 9493 2112",
     "setvalue": "",
     "providers": [
      {
       "provider_id": "20UAI016",
       "provider_name": "Dr.Santhanam Gopal",
       "provider_zipcode": "500024",
       "provider_speciality": "General Physician",
       "contact_no": "789123456"
      },
      {
       "provider_id": "20UAI017",
       "provider_name": "Dr.Madhan",
       "provider_zipcode": "500024",
       "provider_speciality": "Cardiologist",
       "contact_no": "753159852"
      },
      {
       "provider_id": "20UAI018",
       "provider_name": "Dr.Gokulnath",
       "provider_zipcode": "500024",
       "provider_speciality": "Pediatrician",
       "contact_no": "7531594856"
      },
      {
       "provider_id": "20UAI019",
       "provider_name": "Dr.Ganapathy",
       "provider_zipcode": "500024",
       "provider_speciality": "Orthopedician",
       "contact_no": "785412963"
      },
      {
       "provider_id": "20UAI020",
       "provider_name": "Dr.Lalith Kanth",
       "provider_zipcode": "500024",
       "provider_speciality": "Dentist",
       "contact_no": "5210369"
      }
     ]
    },
    {
     "id": "10",
     "patientId": "pi121608",
     "firstName": "Parkkavan",
     "lastName": "Spark",
     "dob": "2002-08-11",
     "gender": "Male",
     "zipCode": "501301",
     "aadhaar": "9495 9493 1108",
     "setvalue": "",
     "providers": [
      {
       "provider_id": "20UAI011",
       "provider_name": "Dr.Rishitha",
       "provider_zipcode": "501301",
       "provider_speciality": "General Physician",
       "contact_no": "9685741235"
      },
      {
       "provider_id": "20UAI012",
       "provider_name": "Dr.Aravindh",
       "provider_zipcode": "501301",
       "provider_speciality": "Cardiologist",
       "contact_no": "204587963"
      },
      {
       "provider_id": "20UAI013",
       "provider_name": "Dr.Ghayathri",
       "provider_zipcode": "501301",
       "provider_speciality": "Pediatrician",
       "contact_no": "6547821456"
      },
      {
       "provider_id": "20UAI014",
       "provider_name": "Dr.Sneha",
       "provider_zipcode": "501301",
       "provider_speciality": "Orthopedician",
       "contact_no": "523654789"
      },
      {
       "provider_id": "20UAI015",
       "provider_name": "Dr.Dharnika",
       "provider_zipcode": "501301",
       "provider_speciality": "Dentist",
       "contact_no": "852147896"
      }
     ]
    },
    {
     "id": "11",
     "patientId": "pi121609",
     "firstName": "Harish",
     "lastName": "Kurex",
     "dob": "2002-10-14",
     "gender": "Male",
     "zipCode": "605001",
     "aadhaar": "9495 9493 1410",
     "setvalue": "",
     "providers": [
      {
       "provider_id": "20UAI001",
       "provider_name": "Dr.Aabith",
       "provider_zipcode": "605001",
       "provider_speciality": "General Physician",
       "contact_no": "5247896213"
      },
      {
       "provider_id": "20UAI002",
       "provider_name": "Dr.Sakthi",
       "provider_zipcode": "605001",
       "provider_speciality": "Cardiologist",
       "contact_no": "5471236985"
      },
      {
       "provider_id": "20UAI003",
       "provider_name": "Dr.Gayathri",
       "provider_zipcode": "605001",
       "provider_speciality": "Pediatrician",
       "contact_no": "65478214"
      },
      {
       "provider_id": "20UAI004",
       "provider_name": "Dr.Thrisha",
       "provider_zipcode": "605001",
       "provider_speciality": "Orthopedician",
       "contact_no": "0254789652"
      },
      {
       "provider_id": "20UAI005",
       "provider_name": "Dr.Swetha",
       "provider_zipcode": "605001",
       "provider_speciality": "Dentist",
       "contact_no": "9443618120"
      }
     ]
    },
    {
     "id": "12",
     "patientId": "pi121610",
     "firstName": "SanthanaBharathi",
     "lastName": "Santa",
     "dob": "2002-05-01",
     "gender": "Male",
     "zipCode": "501301",
     "aadhaar": "9495 9493 0105",
     "setvalue": "",
     "providers": [
      {
       "provider_id": "20UAI011",
       "provider_name": "Dr.Rishitha",
       "provider_zipcode": "501301",
       "provider_speciality": "General Physician",
       "contact_no": "9685741235"
      },
      {
       "provider_id": "20UAI012",
       "provider_name": "Dr.Aravindh",
       "provider_zipcode": "501301",
       "provider_speciality": "Cardiologist",
       "contact_no": "204587963"
      },
      {
       "provider_id": "20UAI013",
       "provider_name": "Dr.Ghayathri",
       "provider_zipcode": "501301",
       "provider_speciality": "Pediatrician",
       "contact_no": "6547821456"
      },
      {
       "provider_id": "20UAI014",
       "provider_name": "Dr.Sneha",
       "provider_zipcode": "501301",
       "provider_speciality": "Orthopedician",
       "contact_no": "523654789"
      },
      {
       "provider_id": "20UAI015",
       "provider_name": "Dr.Dharnika",
       "provider_zipcode": "501301",
       "provider_speciality": "Dentist",
       "contact_no": "852147896"
      }
     ]
    },
    {
     "id": "13",
     "patientId": "pi121611",
     "firstName": "Karthik",
     "lastName": "Mariyapan",
     "dob": "2003-03-17",
     "gender": "Male",
     "zipCode": "500052",
     "aadhaar": "9495 9493 1703",
     "setvalue": "",
     "providers": [
      {
       "provider_id": "20UAI021",
       "provider_name": "Dr.Harish",
       "provider_zipcode": "500052",
       "provider_speciality": "General Physician",
       "contact_no": "785412369"
      },
      {
       "provider_id": "20UAI022",
       "provider_name": "Dr.Yuvaprakash",
       "provider_zipcode": "500052",
       "provider_speciality": "Cardiologist",
       "contact_no": "231457896"
      },
      {
       "provider_id": "20UAI023",
       "provider_name": "Dr.Mohita",
       "provider_zipcode": "500052",
       "provider_speciality": "Pediatrician",
       "contact_no": "635210236"
      },
      {
       "provider_id": "20UAI024",
       "provider_name": "Dr.Sanjay",
       "provider_zipcode": "500052",
       "provider_speciality": "Orthopedician",
       "contact_no": "4587123690"
      },
      {
       "provider_id": "20UAI025",
       "provider_name": "Dr.Boomika",
       "provider_zipcode": "500052",
       "provider_speciality": "Dentist",
       "contact_no": "7894123650"
      }
     ]
    },
    {
     "id": "14",
     "patientId": "pi121612",
     "firstName": "Abisheik",
     "lastName": "Aravindh",
     "dob": "2002-11-07",
     "gender": "Male",
     "zipCode": "500015",
     "aadhaar": "9495 9493 0711",
     "setvalue": "",
     "providers": [
      {
       "provider_id": "20UAI006",
       "provider_name": "Dr.Vaithiyanathan",
       "provider_zipcode": "500015",
       "provider_speciality": "General Physician",
       "contact_no": "258741369"
      },
      {
       "provider_id": "20UAI007",
       "provider_name": "Dr.Aiswarya",
       "provider_zipcode": "500015",
       "provider_speciality": "Cardiologist",
       "contact_no": "123652478"
      },
      {
       "provider_id": "20UAI008",
       "provider_name": "Dr.Archanna Devi",
       "provider_zipcode": "500015",
       "provider_speciality": "Pediatrician",
       "contact_no": "5632478521"
      },
      {
       "provider_id": "20UAI009",
       "provider_name": "Dr.Vignesh",
       "provider_zipcode": "500015",
       "provider_speciality": "Orthopedician",
       "contact_no": "458796231"
      },
      {
       "provider_id": "20UAI010",
       "provider_name": "Dr.Yuvasri",
       "provider_zipcode": "500015",
       "provider_speciality": "Dentist",
       "contact_no": "987452103"
      }
     ]
    },
    {
     "id": "15",
     "patientId": "pi121613",
     "firstName": "Bhavin",
     "lastName": "Dhanaraj",
     "dob": "2003-03-18",
     "gender": "Male",
     "zipCode": "501301",
     "aadhaar": "9495 9493 1803",
     "setvalue": "",
     "providers": [
      {
       "provider_id": "20UAI011",
       "provider_name": "Dr.Rishitha",
       "provider_zipcode": "501301",
       "provider_speciality": "General Physician",
       "contact_no": "9685741235"
      },
      {
       "provider_id": "20UAI012",
       "provider_name": "Dr.Aravindh",
       "provider_zipcode": "501301",
       "provider_speciality": "Cardiologist",
       "contact_no": "204587963"
      },
      {
       "provider_id": "20UAI013",
       "provider_name": "Dr.Ghayathri",
       "provider_zipcode": "501301",
       "provider_speciality": "Pediatrician",
       "contact_no": "6547821456"
      },
      {
       "provider_id": "20UAI014",
       "provider_name": "Dr.Sneha",
       "provider_zipcode": "501301",
       "provider_speciality": "Orthopedician",
       "contact_no": "523654789"
      },
      {
       "provider_id": "20UAI015",
       "provider_name": "Dr.Dharnika",
       "provider_zipcode": "501301",
       "provider_speciality": "Dentist",
       "contact_no": "852147896"
      }
     ]
    },
    {
     "id": "16",
     "patientId": "pi121614",
     "firstName": "Chandakumar",
     "lastName": "K",
     "dob": "2003-12-04",
     "gender": "Male",
     "zipCode": "500024",
     "aadhaar": "9495 9493 0412",
     "setvalue": "",
     "providers": [
      {
       "provider_id": "20UAI016",
       "provider_name": "Dr.Santhanam Gopal",
       "provider_zipcode": "500024",
       "provider_speciality": "General Physician",
       "contact_no": "789123456"
      },
      {
       "provider_id": "20UAI017",
       "provider_name": "Dr.Madhan",
       "provider_zipcode": "500024",
       "provider_speciality": "Cardiologist",
       "contact_no": "753159852"
      },
      {
       "provider_id": "20UAI018",
       "provider_name": "Dr.Gokulnath",
       "provider_zipcode": "500024",
       "provider_speciality": "Pediatrician",
       "contact_no": "7531594856"
      },
      {
       "provider_id": "20UAI019",
       "provider_name": "Dr.Ganapathy",
       "provider_zipcode": "500024",
       "provider_speciality": "Orthopedician",
       "contact_no": "785412963"
      },
      {
       "provider_id": "20UAI020",
       "provider_name": "Dr.Lalith Kanth",
       "provider_zipcode": "500024",
       "provider_speciality": "Dentist",
       "contact_no": "5210369"
      }
     ]
    },
    {
     "id": "17",
     "patientId": "pi121615",
     "firstName": "Sharanjey",
     "lastName": "G",
     "dob": "2004-07-23",
     "gender": "Male",
     "zipCode": "500052",
     "aadhaar": "9495 9493 2307",
     "setvalue": "",
     "providers": [
      {
       "provider_id": "20UAI021",
       "provider_name": "Dr.Harish",
       "provider_zipcode": "500052",
       "provider_speciality": "General Physician",
       "contact_no": "785412369"
      },
      {
       "provider_id": "20UAI022",
       "provider_name": "Dr.Yuvaprakash",
       "provider_zipcode": "500052",
       "provider_speciality": "Cardiologist",
       "contact_no": "231457896"
      },
      {
       "provider_id": "20UAI023",
       "provider_name": "Dr.Mohita",
       "provider_zipcode": "500052",
       "provider_speciality": "Pediatrician",
       "contact_no": "635210236"
      },
      {
       "provider_id": "20UAI024",
       "provider_name": "Dr.Sanjay",
       "provider_zipcode": "500052",
       "provider_speciality": "Orthopedician",
       "contact_no": "4587123690"
      },
      {
       "provider_id": "20UAI025",
       "provider_name": "Dr.Boomika",
       "provider_zipcode": "500052",
       "provider_speciality": "Dentist",
       "contact_no": "7894123650"
      }
     ]
    },
    {
     "id": "18",
     "patientId": "pi121616",
     "firstName": "Vijay",
     "lastName": "Surya",
     "dob": "2004-02-01",
     "gender": "Male",
     "zipCode": "500015",
     "aadhaar": "9495 9493 0102",
     "setvalue": "",
     "providers": [
      {
       "provider_id": "20UAI006",
       "provider_name": "Dr.Vaithiyanathan",
       "provider_zipcode": "500015",
       "provider_speciality": "General Physician",
       "contact_no": "258741369"
      },
      {
       "provider_id": "20UAI007",
       "provider_name": "Dr.Aiswarya",
       "provider_zipcode": "500015",
       "provider_speciality": "Cardiologist",
       "contact_no": "123652478"
      },
      {
       "provider_id": "20UAI008",
       "provider_name": "Dr.Archanna Devi",
       "provider_zipcode": "500015",
       "provider_speciality": "Pediatrician",
       "contact_no": "5632478521"
      },
      {
       "provider_id": "20UAI009",
       "provider_name": "Dr.Vignesh",
       "provider_zipcode": "500015",
       "provider_speciality": "Orthopedician",
       "contact_no": "458796231"
      },
      {
       "provider_id": "20UAI010",
       "provider_name": "Dr.Yuvasri",
       "provider_zipcode": "500015",
       "provider_speciality": "Dentist",
       "contact_no": "987452103"
      }
     ]
    },
    {
     "id": "19",
     "patientId": "pi121617",
     "firstName": "Aatif",
     "lastName": "Ahamed",
     "dob": "2003-10-28",
     "gender": "Male",
     "zipCode": "501301",
     "aadhaar": "9495 9493 2810",
     "setvalue": "",
     "providers": [
      {
       "provider_id": "20UAI011",
       "provider_name": "Dr.Rishitha",
       "provider_zipcode": "501301",
       "provider_speciality": "General Physician",
       "contact_no": "9685741235"
      },
      {
       "provider_id": "20UAI012",
       "provider_name": "Dr.Aravindh",
       "provider_zipcode": "501301",
       "provider_speciality": "Cardiologist",
       "contact_no": "204587963"
      },
      {
       "provider_id": "20UAI013",
       "provider_name": "Dr.Ghayathri",
       "provider_zipcode": "501301",
       "provider_speciality": "Pediatrician",
       "contact_no": "6547821456"
      },
      {
       "provider_id": "20UAI014",
       "provider_name": "Dr.Sneha",
       "provider_zipcode": "501301",
       "provider_speciality": "Orthopedician",
       "contact_no": "523654789"
      },
      {
       "provider_id": "20UAI015",
       "provider_name": "Dr.Dharnika",
       "provider_zipcode": "501301",
       "provider_speciality": "Dentist",
       "contact_no": "852147896"
      }
     ]
    },
    {
     "id": "20",
     "patientId": "pi121618",
     "firstName": "Anni",
     "lastName": "Sharleena",
     "dob": "2003-02-18",
     "gender": "Female",
     "zipCode": "500024",
     "aadhaar": "9495 9493 1802",
     "setvalue": "",
     "providers": [
      {
       "provider_id": "20UAI016",
       "provider_name": "Dr.Santhanam Gopal",
       "provider_zipcode": "500024",
       "provider_speciality": "General Physician",
       "contact_no": "789123456"
      },
      {
       "provider_id": "20UAI017",
       "provider_name": "Dr.Madhan",
       "provider_zipcode": "500024",
       "provider_speciality": "Cardiologist",
       "contact_no": "753159852"
      },
      {
       "provider_id": "20UAI018",
       "provider_name": "Dr.Gokulnath",
       "provider_zipcode": "500024",
       "provider_speciality": "Pediatrician",
       "contact_no": "7531594856"
      },
      {
       "provider_id": "20UAI019",
       "provider_name": "Dr.Ganapathy",
       "provider_zipcode": "500024",
       "provider_speciality": "Orthopedician",
       "contact_no": "785412963"
      },
      {
       "provider_id": "20UAI020",
       "provider_name": "Dr.Lalith Kanth",
       "provider_zipcode": "500024",
       "provider_speciality": "Dentist",
       "contact_no": "5210369"
      }
     ]
    },
    {
     "id": "21",
     "patientId": "pi121619",
     "firstName": "Aravindh",
     "lastName": "B",
     "dob": "2002-10-10",
     "gender": "Male",
     "zipCode": "500052",
     "aadhaar": "9495 9493 1010",
     "setvalue": "",
     "providers": [
      {
       "provider_id": "20UAI021",
       "provider_name": "Dr.Harish",
       "provider_zipcode": "500052",
       "provider_speciality": "General Physician",
       "contact_no": "785412369"
      },
      {
       "provider_id": "20UAI022",
       "provider_name": "Dr.Yuvaprakash",
       "provider_zipcode": "500052",
       "provider_speciality": "Cardiologist",
       "contact_no": "231457896"
      },
      {
       "provider_id": "20UAI023",
       "provider_name": "Dr.Mohita",
       "provider_zipcode": "500052",
       "provider_speciality": "Pediatrician",
       "contact_no": "635210236"
      },
      {
       "provider_id": "20UAI024",
       "provider_name": "Dr.Sanjay",
       "provider_zipcode": "500052",
       "provider_speciality": "Orthopedician",
       "contact_no": "4587123690"
      },
      {
       "provider_id": "20UAI025",
       "provider_name": "Dr.Boomika",
       "provider_zipcode": "500052",
       "provider_speciality": "Dentist",
       "contact_no": "7894123650"
      }
     ]
    },
    {
     "id": "22",
     "patientId": "pi121620",
     "firstName": "GokulNath",
     "lastName": "T",
     "dob": "2002-08-23",
     "gender": "Male",
     "zipCode": "500015",
     "aadhaar": "9495 9493 2308",
     "setvalue": "",
     "providers": [
      {
       "provider_id": "20UAI006",
       "provider_name": "Dr.Vaithiyanathan",
       "provider_zipcode": "500015",
       "provider_speciality": "General Physician",
       "contact_no": "258741369"
      },
      {
       "provider_id": "20UAI007",
       "provider_name": "Dr.Aiswarya",
       "provider_zipcode": "500015",
       "provider_speciality": "Cardiologist",
       "contact_no": "123652478"
      },
      {
       "provider_id": "20UAI008",
       "provider_name": "Dr.Archanna Devi",
       "provider_zipcode": "500015",
       "provider_speciality": "Pediatrician",
       "contact_no": "5632478521"
      },
      {
       "provider_id": "20UAI009",
       "provider_name": "Dr.Vignesh",
       "provider_zipcode": "500015",
       "provider_speciality": "Orthopedician",
       "contact_no": "458796231"
      },
      {
       "provider_id": "20UAI010",
       "provider_name": "Dr.Yuvasri",
       "provider_zipcode": "500015",
       "provider_speciality": "Dentist",
       "contact_no": "987452103"
      }
     ]
    },
    {
     "id": "23",
     "patientId": "pi121621",
     "firstName": "Abinav",
     "lastName": "S",
     "dob": "2003-07-30",
     "gender": "Male",
     "zipCode": "501301",
     "aadhaar": "9495 9493 3007",
     "setvalue": "",
     "providers": [
      {
       "provider_id": "20UAI011",
       "provider_name": "Dr.Rishitha",
       "provider_zipcode": "501301",
       "provider_speciality": "General Physician",
       "contact_no": "9685741235"
      },
      {
       "provider_id": "20UAI012",
       "provider_name": "Dr.Aravindh",
       "provider_zipcode": "501301",
       "provider_speciality": "Cardiologist",
       "contact_no": "204587963"
      },
      {
       "provider_id": "20UAI013",
       "provider_name": "Dr.Ghayathri",
       "provider_zipcode": "501301",
       "provider_speciality": "Pediatrician",
       "contact_no": "6547821456"
      },
      {
       "provider_id": "20UAI014",
       "provider_name": "Dr.Sneha",
       "provider_zipcode": "501301",
       "provider_speciality": "Orthopedician",
       "contact_no": "523654789"
      },
      {
       "provider_id": "20UAI015",
       "provider_name": "Dr.Dharnika",
       "provider_zipcode": "501301",
       "provider_speciality": "Dentist",
       "contact_no": "852147896"
      }
     ]
    }
   ]