[
    {
        "id": "1",
        "slotId" : "1",
        "date" : "2022-07-22",
        "time" : "09:00",
        "duration" : "30",
        "location" : "Cyberabad",
        "bookedStatus":false
    },
    {
        "id": "2",       
        "slotId" : "1",
        "date" : "2022-07-24",
        "time" : "09:30",
        "duration" : "30",
        "location" : "Cyberabad",
        "bookedStatus":false
    },
    {
        "id": "3",
        "slotId" : "1",
        "date" : "2022-07-26",
        "time" : "19:00",
        "duration" : "30",
        "location" : "Cyberabad",
        "bookedStatus":false
    },
    {
        "id": "4",
        "slotId" : "1",
        "date" : "2022-07-28",
        "time" : "19:30",
        "duration" : "30",
        "location" : "Cyberabad",
        "bookedStatus":false
    },

    {
        "id": "5",
        "slotId" : "2",
        "date" : "2022-07-23",
        "time" : "10:00",
        "duration" : "30",
        "location" : "Cyberabad",
        "bookedStatus":false
    },
    {
        "id": "6",
        "slotId" : "2",
        "date" : "2022-07-25",
        "time" : "10:30",
        "duration" : "30",
        "location" : "Cyberabad",
        "bookedStatus":false
    },
    {
        "id": "7",
        "slotId" : "2",
        "date" : "2022-07-27",
        "time" : "20:00",
        "duration" : "30",
        "location" : "Cyberabad",
        "bookedStatus":false
    },
    {
        "id": "8",
        "slotId" : "2",
        "date" : "2022-07-29",
        "time" : "20:30",
        "duration" : "30",
        "location" : "Cyberabad",
        "bookedStatus":false
    },

    {
        "id": "9",
        "slotId" : "3",
        "date" : "2022-07-22",
        "time" : "11:00",
        "duration" : "30",
        "location" : "Cyberabad",
        "bookedStatus":false
    },
    {
        "id": "10",
        "slotId" : "3",
        "date" : "2022-07-24",
        "time" : "11:30",
        "duration" : "30",
        "location" : "Cyberabad",
        "bookedStatus":false
    },
    {
        "id": "11",
        "slotId" : "3",
        "date" : "2022-07-26",
        "time" : "15:00",
        "duration" : "30",
        "location" : "Cyberabad",
        "bookedStatus":false
    },
    {
        "id": "12",
        "slotId" : "3",
        "date" : "2022-07-28",
        "time" : "15:30",
        "duration" : "30",
        "location" : "Cyberabad",
        "bookedStatus":false
    },

    {
        "id": "13",
        "slotId" : "4",
        "date" : "2022-07-23",
        "time" : "09:30",
        "duration" : "30",
        "location" : "Cyberabad",
        "bookedStatus":false
    },
    {
        "id": "14",
        "slotId" : "4",
        "date" : "2022-07-25",
        "time" : "10:00",
        "duration" : "30",
        "location" : "Cyberabad",
        "bookedStatus":false
    },
    {
        "id": "15",
        "slotId" : "4",
        "date" : "2022-07-27",
        "time" : "19:30",
        "duration" : "30",
        "location" : "Cyberabad",
        "bookedStatus":false
    },
    {
        "id": "16",
        "slotId" : "4",
        "date" : "2022-07-29",
        "time" : "20:00",
        "duration" : "30",
        "location" : "Cyberabad",
        "bookedStatus":false
    },

    {
        "id": "17",
        "slotId" : "5",
        "date" : "2022-07-22",
        "time" : "10:30",
        "duration" : "30",
        "location" : "Cyberabad",
        "bookedStatus":false
    },
    {
        "id": "18",
        "slotId" : "5",
        "date" : "2022-07-24",
        "time" : "11:00",
        "duration" : "30",
        "location" : "Cyberabad",
        "bookedStatus":false
    },
    {
        "id": "19",
        "slotId" : "5",
        "date" : "2022-07-26",
        "time" : "20:30",
        "duration" : "30",
        "location" : "Cyberabad",
        "bookedStatus":false
    },
    {
        "id": "20",
        "slotId" : "5",
        "date" : "2022-07-28",
        "time" : "21:00",
        "duration" : "30",
        "location" : "Cyberabad",
        "bookedStatus":false
    },

    {
        "id": "21",
        "slotId" : "6",
        "date" : "2022-07-23",
        "time" : "10:30",
        "duration" : "30",
        "location" : "Aliabad",
        "bookedStatus":false
    },
    {
        "id": "22",
        "slotId" : "6",
        "date" : "2022-07-25",
        "time" : "11:00",
        "duration" : "30",
        "location" : "Aliabad",
        "bookedStatus":false
    },
    {
        "id": "23",
        "slotId" : "6",
        "date" : "2022-07-27",
        "time" : "20:30",
        "duration" : "30",
        "location" : "Aliabad",
        "bookedStatus":false
    },
    {
        "id": "24",
        "slotId" : "6",
        "date" : "2022-07-29",
        "time" : "21:00",
        "duration" : "30",
        "location" : "Aliabad",
        "bookedStatus":false
    },

    {
        "id": "25",
        "slotId" : "7",
        "date" : "2022-07-22",
        "time" : "09:00",
        "duration" : "30",
        "location" : "Aliabad",
        "bookedStatus":false
    },
    {
        "id": "26",
        "slotId" : "7",
        "date" : "2022-07-24",
        "time" : "09:30",
        "duration" : "30",
        "location" : "Aliabad",
        "bookedStatus":false
    },
    {
        "id": "27",
        "slotId" : "7",
        "date" : "2022-07-26",
        "time" : "19:00",
        "duration" : "30",
        "location" : "Aliabad",
        "bookedStatus":false
    },
    {
        "id": "28",
        "slotId" : "7",
        "date" : "2022-07-28",
        "time" : "19:30",
        "duration" : "30",
        "location" : "Aliabad",
        "bookedStatus":false
    },

    {
        "id": "29",
        "slotId" : "8",
        "date" : "2022-07-23",
        "time" : "10:00",
        "duration" : "30",
        "location" : "Aliabad",
        "bookedStatus":false
    },
    {
        "id": "30",
        "slotId" : "8",
        "date" : "2022-07-25",
        "time" : "10:30",
        "duration" : "30",
        "location" : "Aliabad",
        "bookedStatus":false
    },
    {
        "id": "31",
        "slotId" : "8",
        "date" : "2022-07-27",
        "time" : "20:00",
        "duration" : "30",
        "location" : "Aliabad",
        "bookedStatus":false
    },
    {
        "id": "32",
        "slotId" : "8",
        "date" : "2022-07-29",
        "time" : "20:30",
        "duration" : "30",
        "location" : "Aliabad",
        "bookedStatus":false
    },

    {
        "id": "33",
        "slotId" : "9",
        "date" : "2022-07-22",
        "time" : "11:00",
        "duration" : "30",
        "location" : "Aliabad",
        "bookedStatus":false
    },
    {
        "id": "34",
        "slotId" : "9",
        "date" : "2022-07-24",
        "time" : "11:30",
        "duration" : "30",
        "location" : "Aliabad",
        "bookedStatus":false
    },
    {
        "id": "35",
        "slotId" : "9",
        "date" : "2022-07-26",
        "time" : "15:00",
        "duration" : "30",
        "location" : "Aliabad",
        "bookedStatus":false
    },
    {
        "id": "36",
        "slotId" : "9",
        "date" : "2022-07-28",
        "time" : "15:30",
        "duration" : "30",
        "location" : "Aliabad",
        "bookedStatus":false
    },

    {
        "id": "37",
        "slotId" : "10",
        "date" : "2022-07-23",
        "time" : "09:30",
        "duration" : "30",
        "location" : "Aliabad",
        "bookedStatus":false
    },
    {
        "id": "38",
        "slotId" : "10",
        "date" : "2022-07-25",
        "time" : "10:00",
        "duration" : "30",
        "location" : "Aliabad",
        "bookedStatus":false
    },
    {
        "id": "39",
        "slotId" : "10",
        "date" : "2022-07-27",
        "time" : "19:30",
        "duration" : "30",
        "location" : "Aliabad",
        "bookedStatus":false
    },
    {
        "id": "40",
        "slotId" : "10",
        "date" : "2022-07-29",
        "time" : "20:00",
        "duration" : "30",
        "location" : "Aliabad",
        "bookedStatus":false
    },

    {
        "id": "41",
        "slotId" : "11",
        "date" : "2022-07-22",
        "time" : "09:30",
        "duration" : "30",
        "location" : "Bogaram",
        "bookedStatus":false
    },
    {
        "id": "42",
        "slotId" : "11",
        "date" : "2022-07-24",
        "time" : "10:00",
        "duration" : "30",
        "location" : "Bogaram",
        "bookedStatus":false
    },
    {
        "id": "43",
        "slotId" : "11",
        "date" : "2022-07-26",
        "time" : "19:30",
        "duration" : "30",
        "location" : "Bogaram",
        "bookedStatus":false
    },
    {
        "id": "44",
        "slotId" : "11",
        "date" : "2022-07-28",
        "time" : "20:00",
        "duration" : "30",
        "location" : "Bogaram",
        "bookedStatus":false
    },

    {
        "id": "45",
        "slotId" : "12",
        "date" : "2022-07-23",
        "time" : "10:30",
        "duration" : "30",
        "location" : "Bogaram",
        "bookedStatus":false
    },
    {
        "id": "46",
        "slotId" : "12",
        "date" : "2022-07-25",
        "time" : "11:00",
        "duration" : "30",
        "location" : "Bogaram",
        "bookedStatus":false
    },
    {
        "id": "47",
        "slotId" : "12",
        "date" : "2022-07-27",
        "time" : "20:30",
        "duration" : "30",
        "location" : "Bogaram",
        "bookedStatus":false
    },
    {
        "id": "48",
        "slotId" : "12",
        "date" : "2022-07-29",
        "time" : "21:00",
        "duration" : "30",
        "location" : "Bogaram",
        "bookedStatus":false
    },

    {
        "id": "49",
        "slotId" : "13",
        "date" : "2022-07-22",
        "time" : "09:00",
        "duration" : "30",
        "location" : "Bogaram",
        "bookedStatus":false
    },
    {
        "id": "50",
        "slotId" : "13",
        "date" : "2022-07-24",
        "time" : "09:30",
        "duration" : "30",
        "location" : "Bogaram",
        "bookedStatus":false
    },
    {
        "id": "51",
        "slotId" : "13",
        "date" : "2022-07-26",
        "time" : "19:00",
        "duration" : "30",
        "location" : "Bogaram",
        "bookedStatus":false
    },
    {
        "id": "52",
        "slotId" : "13",
        "date" : "2022-07-28",
        "time" : "19:30",
        "duration" : "30",
        "location" : "Bogaram",
        "bookedStatus":false
    },

    {
        "id": "53",
        "slotId" : "14",
        "date" : "2022-07-23",
        "time" : "10:00",
        "duration" : "30",
        "location" : "Bogaram",
        "bookedStatus":false
    },
    {
        "id": "54",
        "slotId" : "14",
        "date" : "2022-07-25",
        "time" : "10:30",
        "duration" : "30",
        "location" : "Bogaram",
        "bookedStatus":false
    },
    {
        "id": "55",
        "slotId" : "14",
        "date" : "2022-07-27",
        "time" : "20:00",
        "duration" : "30",
        "location" : "Bogaram",
        "bookedStatus":false
    },
    {
        "id": "56",
        "slotId" : "14",
        "date" : "2022-07-29",
        "time" : "20:30",
        "duration" : "30",
        "location" : "Bogaram",
        "bookedStatus":false
    },

    {
        "id": "57",
        "slotId" : "15",
        "date" : "2022-07-22",
        "time" : "11:00",
        "duration" : "30",
        "location" : "Bogaram",
        "bookedStatus":false
    },
    {
        "id": "58",
        "slotId" : "15",
        "date" : "2022-07-24",
        "time" : "11:30",
        "duration" : "30",
        "location" : "Bogaram",
        "bookedStatus":false
    },
    {
        "id": "59",
        "slotId" : "15",
        "date" : "2022-07-26",
        "time" : "15:00",
        "duration" : "30",
        "location" : "Bogaram",
        "bookedStatus":false
    },
    {
        "id": "60",
        "slotId" : "15",
        "date" : "2022-07-28",
        "time" : "15:30",
        "duration" : "30",
        "location" : "Bogaram",
        "bookedStatus":false
    },

    {
        "id": "61",
        "slotId" : "16",
        "date" : "2022-07-23",
        "time" : "11:00",
        "duration" : "30",
        "location" : "Chanchalguda",
        "bookedStatus":false
    },
    {
        "id": "62",
        "slotId" : "16",
        "date" : "2022-07-25",
        "time" : "11:30",
        "duration" : "30",
        "location" : "Chanchalguda",
        "bookedStatus":false
    },
    {
        "id": "63",
        "slotId" : "16",
        "date" : "2022-07-27",
        "time" : "15:00",
        "duration" : "30",
        "location" : "Chanchalguda",
        "bookedStatus":false
    },
    {
        "id": "64",
        "slotId" : "16",
        "date" : "2022-07-29",
        "time" : "15:30",
        "duration" : "30",
        "location" : "Chanchalguda",
        "bookedStatus":false
    },

    {
        "id": "65",
        "slotId" : "17",
        "date" : "2022-07-22",
        "time" : "09:30",
        "duration" : "30",
        "location" : "Chanchalguda",
        "bookedStatus":false
    },
    {
        "id": "66",
        "slotId" : "17",
        "date" : "2022-07-24",
        "time" : "10:00",
        "duration" : "30",
        "location" : "Chanchalguda",
        "bookedStatus":false
    },
    {
        "id": "67",
        "slotId" : "17",
        "date" : "2022-07-26",
        "time" : "19:30",
        "duration" : "30",
        "location" : "Chanchalguda",
        "bookedStatus":false
    },
    {
        "id": "68",
        "slotId" : "17",
        "date" : "2022-07-28",
        "time" : "20:00",
        "duration" : "30",
        "location" : "Chanchalguda",
        "bookedStatus":false
    },

    {
        "id": "69",
        "slotId" : "18",
        "date" : "2022-07-23",
        "time" : "10:30",
        "duration" : "30",
        "location" : "Chanchalguda",
        "bookedStatus":false
    },
    {
        "id": "70",
        "slotId" : "18",
        "date" : "2022-07-25",
        "time" : "11:00",
        "duration" : "30",
        "location" : "Chanchalguda",
        "bookedStatus":false
    },
    {
        "id": "71",
        "slotId" : "18",
        "date" : "2022-07-27",
        "time" : "20:30",
        "duration" : "30",
        "location" : "Chanchalguda",
        "bookedStatus":false
    },
    {
        "id": "72",
        "slotId" : "18",
        "date" : "2022-07-29",
        "time" : "21:00",
        "duration" : "30",
        "location" : "Chanchalguda",
        "bookedStatus":false
    },
    
    {
        "id": "73",
        "slotId" : "19",
        "date" : "2022-07-22",
        "time" : "09:00",
        "duration" : "30",
        "location" : "Chanchalguda",
        "bookedStatus":false
    },
    {
        "id": "74",
        "slotId" : "19",
        "date" : "2022-07-24",
        "time" : "09:30",
        "duration" : "30",
        "location" : "Chanchalguda",
        "bookedStatus":false
    },
    {
        "id": "75",
        "slotId" : "19",
        "date" : "2022-07-26",
        "time" : "19:00",
        "duration" : "30",
        "location" : "Chanchalguda",
        "bookedStatus":false
    },
    {
        "id": "76",
        "slotId" : "19",
        "date" : "2022-07-28",
        "time" : "19:30",
        "duration" : "30",
        "location" : "Chanchalguda",
        "bookedStatus":false
    },

    {
        "id": "77",
        "slotId" : "20",
        "date" : "2022-07-23",
        "time" : "10:00",
        "duration" : "30",
        "location" : "Chanchalguda",
        "bookedStatus":false
    },
    {
        "id": "78",
        "slotId" : "20",
        "date" : "2022-07-25",
        "time" : "10:30",
        "duration" : "30",
        "location" : "Chanchalguda",
        "bookedStatus":false
    },
    {
        "id": "79",
        "slotId" : "20",
        "date" : "2022-07-27",
        "time" : "20:00",
        "duration" : "30",
        "location" : "Chanchalguda",
        "bookedStatus":false
    },
    {
        "id": "80",
        "slotId" : "20",
        "date" : "2022-07-29",
        "time" : "20:30",
        "duration" : "30",
        "location" : "Chanchalguda",
        "bookedStatus":false
    },

    {
        "id": "81",
        "slotId" : "21",
        "date" : "2022-07-22",
        "time" : "10:00",
        "duration" : "30",
        "location" : "Hasannagar",
        "bookedStatus":false
    },
    {
        "id": "82",
        "slotId" : "21",
        "date" : "2022-07-24",
        "time" : "10:30",
        "duration" : "30",
        "location" : "Hasannagar",
        "bookedStatus":false
    },
    {
        "id": "83",
        "slotId" : "21",
        "date" : "2022-07-26",
        "time" : "20:00",
        "duration" : "30",
        "location" : "Hasannagar",
        "bookedStatus":false
    },
    {
        "id": "84",
        "slotId" : "21",
        "date" : "2022-07-28",
        "time" : "20:30",
        "duration" : "30",
        "location" : "Hasannagar",
        "bookedStatus":false
    },

    {
        "id": "85",
        "slotId" : "22",
        "date" : "2022-07-23",
        "time" : "11:00",
        "duration" : "30",
        "location" : "Hasannagar",
        "bookedStatus":false
    },
    {
        "id": "86",
        "slotId" : "22",
        "date" : "2022-07-25",
        "time" : "11:30",
        "duration" : "30",
        "location" : "Hasannagar",
        "bookedStatus":false
    },
    {
        "id": "87",
        "slotId" : "22",
        "date" : "2022-07-27",
        "time" : "15:00",
        "duration" : "30",
        "location" : "Hasannagar",
        "bookedStatus":false
    },
    {
        "id": "88",
        "slotId" : "22",
        "date" : "2022-07-29",
        "time" : "15:30",
        "duration" : "30",
        "location" : "Hasannagar",
        "bookedStatus":false
    },

    {
        "id": "89",
        "slotId" : "23",
        "date" : "2022-07-22",
        "time" : "09:30",
        "duration" : "30",
        "location" : "Hasannagar",
        "bookedStatus":false
    },
    {
        "id": "90",
        "slotId" : "23",
        "date" : "2022-07-24",
        "time" : "10:00",
        "duration" : "30",
        "location" : "Hasannagar",
        "bookedStatus":false
    },
    {
        "id": "91",
        "slotId" : "23",
        "date" : "2022-07-26",
        "time" : "19:30",
        "duration" : "30",
        "location" : "Hasannagar",
        "bookedStatus":false
    },
    {
        "id": "92",
        "slotId" : "23",
        "date" : "2022-07-28",
        "time" : "20:00",
        "duration" : "30",
        "location" : "Hasannagar",
        "bookedStatus":false
    },

    {
        "id": "93",
        "slotId" : "24",
        "date" : "2022-07-23",
        "time" : "10:30",
        "duration" : "30",
        "location" : "Hasannagar",
        "bookedStatus":false
    },
    {
        "id": "94",
        "slotId" : "24",
        "date" : "2022-07-25",
        "time" : "11:00",
        "duration" : "30",
        "location" : "Hasannagar",
        "bookedStatus":false
    },
    {
        "id": "95",
        "slotId" : "24",
        "date" : "2022-07-27",
        "time" : "20:30",
        "duration" : "30",
        "location" : "Hasannagar",
        "bookedStatus":false
    },
    {
        "id": "96",
        "slotId" : "24",
        "date" : "2022-07-29",
        "time" : "21:00",
        "duration" : "30",
        "location" : "Hasannagar",
        "bookedStatus":false
    },

    {
        "id": "97",
        "slotId" : "25",
        "date" : "2022-07-22",
        "time" : "09:00",
        "duration" : "30",
        "location" : "Hasannagar",
        "bookedStatus":false
    },
    {
        "id": "98",
        "slotId" : "25",
        "date" : "2022-07-24",
        "time" : "09:30",
        "duration" : "30",
        "location" : "Hasannagar",
        "bookedStatus":false
    },
    {
        "id": "99",
        "slotId" : "25",
        "date" : "2022-07-26",
        "time" : "19:00",
        "duration" : "30",
        "location" : "Hasannagar",
        "bookedStatus":false
    },
    {
        "id": "100",
        "slotId" : "25",
        "date" : "2022-07-28",
        "time" : "19:30",
        "duration" : "30",
        "location" : "Hasannagar",
        "bookedStatus":false
    }

]